BU_NUM,BU_BCODE,OPSGRP_BCODE,NAME15,NAME40,BU_SUBTYPE_BCODE,TRADING_SDATE,TRADING_EDATE,ESTAB_BRN_IND
103,103,MISC,PETERBOROUGH,Peterborough,SUPMKT,09MAR1982,12NOV2014,Y
105,105,MS4,GILLINGHAM,Gillingham,SUPMKT,24NOV1992,,Y
107,107,MISC,DORKING,Dorking,SUPMKT,14MAR1961,04FEB2014,Y
108,108,NE4,ST IVES,St Ives,SUPMKT,19JUN1990,,Y
114,114,MS6,BRIGHTON,Brighton,SUPMKT,22MAR1966,,Y
119,119,LSE4,BRENT CROSS,Brent Cross,SUPMKT,02MAR1976,,Y
120,120,MS4,DORCHESTER,Dorchester,SUPMKT,18MAR1986,,Y
121,121,LSE5,ESHER,Esher,SUPMKT,23APR1985,,Y
122,122,MS1+CI,HALL GREEN,Hall Green,SUPMKT,08JUN1971,,Y
124,124,LSE4,WHETSTONE,Whetstone,SUPMKT,11FEB1969,,Y
129,129,LSE5,COULSDON,Coulsdon,SUPMKT,29OCT1971,,Y
131,131,LSE3,NEW MALDEN,New Malden,SUPMKT,19SEP1989,,Y
137,137,LSE6,ALLINGTON PARK,Allington Park,SUPMKT,28MAY1970,,Y
140,140,NE3,BURY ST EDMUNDS,Bury St Edmunds,SUPMKT,06JUL1993,,Y
141,141,MISC,BLABY,Blaby,SUPMKT,20OCT1970,16JUN2019,Y
146,146,MISC,MARLOW,Marlow,SUPMKT,01AUG1972,11JAN2011,Y
148,148,NE4,KINGSTHORPE,Kingsthorpe,SUPMKT,05JUN1973,,Y
149,149,LSE3,EAST SHEEN,East Sheen,SUPMKT,20MAR1973,,Y
150,150,NM3,FOUR OAKS,Four Oaks,SUPMKT,19NOV1974,06SEP2020,Y
151,151,MS2,WESTBURY PARK,Westbury Park,SUPMKT,13NOV1973,,Y
154,154,NE5,LEIGHTON BUZZRD,Leighton Buzzard,SUPMKT,16OCT1973,,Y
155,155,MS1+CI,STOURBRIDGE,Stourbridge,SUPMKT,01JUL1975,,Y
158,158,SE3,BROMLEY,Bromley,SUPMKT,05OCT1976,03NOV2019,Y
159,159,MISC,BIRCH HILL,Birch Hill,SUPMKT,19OCT1976,24NOV2007,Y
160,160,LSE6,RAMSGATE,Ramsgate,SUPMKT,14JUN1977,,Y
163,163,MISC,HUNTINGDON,Huntingdon,SUPMKT,08NOV1977,05SEP2017,Y
164,164,MS5,MARLBOROUGH,Marlborough,SUPMKT,27SEP1977,,Y
165,165,LSE5,GREEN ST GREEN,Green Street Green,SUPMKT,28FEB1978,,Y
166,166,NE5,ST ALBANS,St Albans,SUPMKT,25OCT1977,,Y
167,167,SE5,STEVENAGE,Stevenage,SUPMKT,18JUL1978,27OCT2019,Y
171,171,MS6,HAVANT,Havant,SUPMKT,27NOV1979,,Y
174,174,LSE4,JOHN BARNES,John Barnes,SUPMKT,02FEB1981,,Y
175,175,MISC,HERTFORD,Hertford,SUPMKT,04AUG1981,12SEP2017,Y
177,177,NE5,BEACONSFIELD,Beaconsfield,SUPMKT,28SEP1982,,Y
179,179,LSE4,ENFIELD,Enfield,SUPMKT,30NOV1982,,Y
181,181,MS6,GOLDSWORTH PARK,Goldsworth Park,SUPMKT,01NOV1983,,Y
182,182,LSE5,SEVENOAKS,Sevenoaks,SUPMKT,15NOV1983,,Y
185,185,NE4,ST NEOTS,St Neots,SUPMKT,10MAR1987,,Y
197,197,NE5,RUISLIP,Ruislip,SUPMKT,16OCT1990,,Y
202,202,LSE5,BANSTEAD,Banstead,SUPMKT,11DEC1990,,Y
203,203,MS4,RINGWOOD,Ringwood,SUPMKT,06AUG1991,,Y
204,204,NE5,WELWYN,Welwyn Garden City,SUPMKT,12NOV1991,,Y
205,205,NE3,ELY,Ely,SUPMKT,10MAR1992,,Y
206,206,NE5,THAME,Thame,SUPMKT,24MAR1992,,Y
208,208,MS6,CHICHESTER,Chichester,SUPMKT,01DEC1992,,Y
213,213,NE3,SOUTHEND,Southend,F&H,25OCT1994,,Y
214,214,MS3,HENLEY,Henley,SUPMKT,01NOV1994,,Y
215,215,LSE4,FINCHLEY,Finchley,SUPMKT,29NOV1994,,Y
216,216,MS6,GODALMING,Godalming,SUPMKT,15NOV1994,,Y
217,217,MS2,MONMOUTH,Monmouth,SUPMKT,28NOV1995,,Y
218,218,MS3,READING,Reading,SUPMKT,24OCT1995,,Y
220,220,MS2,CIRENCESTER,Cirencester,SUPMKT,21NOV1995,,Y
223,223,NE5,BERKHAMSTED,Berkhamsted,SUPMKT,02DEC1996,,Y
225,225,LSE3,PUTNEY,Putney,SUPMKT,25NOV1996,,Y
226,226,MS5,SALISBURY,Salisbury,F&H,30SEP1997,,Y
229,229,NE3,BILLERICAY,Billericay,SUPMKT,01DEC1998,,Y
233,233,LSE6,HORLEY,Horley,SUPMKT,05OCT1999,,Y
234,234,MS4,OKEHAMPTON,Okehampton,SUPMKT,07MAR2000,,Y
239,239,SE1,WATERLOOVILLE,Waterlooville,SUPMKT,28NOV2000,06SEP2020,Y
240,240,LSE5,BIGGIN HILL,Biggin Hill,SUPMKT,09FEB2006,,Y
324,324,MISC,BANSTEAD,Banstead,SUPMKT,12FEB2009,25NOV2009,Y
580,580,MS6,HORSHAM NEW,Horsham New,SUPMKT,18JUN2015,,Y
595,595,LSE6,HEATHFIELD,Heathfield,SUPMKT,23SEP2015,,Y
651,651,NE3,CAMBRIDGE,Cambridge,SUPMKT,24OCT2000,,Y
653,653,LSE6,HAILSHAM,Hailsham,SUPMKT,05JUL2000,,Y
654,654,LSE6,HYTHE,Hythe,SUPMKT,01JUN2000,,Y
655,655,LSE6,PADDOCK WOOD,Paddock Wood,SUPMKT,31MAY2000,,Y
656,656,MS4,SALTASH,Saltash,SUPMKT,20JUN2000,,Y
657,657,MS4,SIDMOUTH,Sidmouth,SUPMKT,13JUN2000,,Y
658,658,NE3,SUDBURY,Sudbury,SUPMKT,24MAY2000,,Y
659,659,MS3,THATCHAM,Thatcham,SUPMKT,25JUL2000,,Y
661,661,LSE5,WORCESTER PARK,Worcester Park,SUPMKT,21JUN2000,,Y
662,662,NE3,WYMONDHAM,Wymondham,SUPMKT,04JUL2000,,Y
663,663,MS2,CHELTENHAM,Cheltenham,F&H,22OCT2002,,Y
665,665,LSE1,BELGRAVIA,Belgravia,SUPMKT,01APR2003,,Y
667,667,LSE6,TONBRIDGE,Tonbridge,SUPMKT,19NOV2002,,Y
668,668,MS5,CHANDLERS FORD,Chandlers Ford,SUPMKT,26NOV2002,,Y
669,669,MS2,PORTISHEAD,Portishead,SUPMKT,05JUN2003,,Y
671,671,MS5,ROMSEY,Romsey,SUPMKT,20NOV2003,,Y
673,673,LSE3,WANDSWORTH,Wandsworth,SUPMKT,19FEB2004,,Y
674,674,NE3,NEWMARKET,Newmarket,SUPMKT,04NOV2004,,Y
680,680,NE2,SANDBACH,Sandbach,SUPMKT,24JUN2004,,Y
681,681,LSE1,FULHAM,Fulham,SUPMKT,01JUL2004,,Y
682,682,NE4,TOWCESTER,Towcester,SUPMKT,26AUG2004,,Y
683,683,MS2,ABERGAVENNY,Abergavenny,SUPMKT,15JUL2004,,Y
685,685,NE4,HITCHIN,Hitchin,SUPMKT,29JUL2004,,Y
686,686,NE3,SWAFFHAM,Swaffham,SUPMKT,05AUG2004,,Y
687,687,MS1+CI,NEWPORT,Newport,SUPMKT,12AUG2004,,Y
688,688,MISC,BARRY,Barry,SUPMKT,19AUG2004,09JUN2019,Y
689,689,MS6,WORTHING,Worthing,SUPMKT,08JUL2004,,Y
691,691,NE1,OTLEY,Otley,SUPMKT,09SEP2004,,Y
692,692,MS6,FARNHAM,Farnham,SUPMKT,16SEP2004,,Y
693,693,MISC,DARTFORD,Dartford,SUPMKT,23SEP2004,09APR2014,Y
695,695,NE2,SHEFFIELD,Sheffield,SUPMKT,07OCT2004,,Y
696,696,NM3,WOLVERHAMPTON,Wolverhampton,SUPMKT,14OCT2004,31DEC2020,Y
697,697,NE1,WILLERBY,Willerby,SUPMKT,21OCT2004,,Y
699,699,MS1+CI,LICHFIELD,Lichfield,SUPMKT,06OCT2005,,Y
711,711,NE2,WILMSLOW,Wilmslow,SUPMKT,03NOV2005,,Y
727,727,LSE6,LEWES,Lewes,SUPMKT,10NOV2005,,Y
741,741,LSE6,EAST GRINSTEAD,East Grinstead,SUPMKT,24NOV2005,,Y
748,748,NE2,BUXTON,Buxton,SUPMKT,25MAY2006,,Y
753,753,LSE2,ST KATHARINE DK,St Katharine Docks,SUPMKT,01DEC2005,,Y
764,764,LSE3,WEST EALING,West Ealing,SUPMKT,22SEP2005,,Y
765,765,LSE5,HERSHAM,Hersham,SUPMKT,09JUN2005,,Y
101,101,NE3,BISHOPS STORTFD,Bishop s Stortford,SUPMKT,17AUG1993,,Y
102,102,LSE4,BUCKHURST HILL,Buckhurst Hill,SUPMKT,14OCT1986,,Y
104,104,LSE5,EPSOM,Epsom,SUPMKT,11OCT1983,,Y
109,109,LSE5,LONGFIELD,Longfield,SUPMKT,13OCT1992,,Y
110,110,LSE6,CROWBOROUGH,Crowborough,SUPMKT,08OCT1974,,Y
112,112,LSE4,HOLLOWAY ROAD,Holloway Road,SUPMKT,05OCT1993,,Y
115,115,MISC,MILTON KEYNES,Milton Keynes,SUPMKT,08MAR1988,08MAY2013,Y
118,118,MS5,DIBDEN,Dibden,SUPMKT,12AUG1975,,Y
123,123,LSE6,BURGESS HILL,Burgess Hill,SUPMKT,02JUL1991,,Y
125,125,LSE4,TEMPLE FORTUNE,Temple Fortune,SUPMKT,07OCT1937,,Y
135,135,NE3,SAFFRON WALDEN,Saffron Walden,SUPMKT,05NOV1985,,Y
136,136,MISC,EVINGTON,Evington,SUPMKT,05MAY1970,19OCT2010,Y
142,142,MS3,WITNEY,Witney,SUPMKT,16SEP1986,,Y
143,143,LSE4,HARROW WEALD,Harrow Weald,SUPMKT,19AUG1986,,Y
152,152,MS5,GOSPORT,Gosport,SUPMKT,17JUL1973,,Y
153,153,MS3,WANTAGE,Wantage,SUPMKT,24SEP1974,,Y
156,156,NE4,DAVENTRY,Daventry,SUPMKT,23APR1974,,Y
157,157,NE5,WEYBRIDGE,Weybridge,SUPMKT,02OCT1973,,Y
161,161,MS4,WINTON,Winton,SUPMKT,21MAR1978,,Y
168,168,MS5,ANDOVER,Andover,SUPMKT,21AUG1990,,Y
170,170,MS5,SOUTHSEA,Southsea,SUPMKT,03JUL1979,,Y
173,173,LSE1,KINGS ROAD,Kings Road,SUPMKT,17NOV1981,,Y
176,176,LSE5,COBHAM,Cobham,SUPMKT,27JUL1982,,Y
178,178,LSE5,CATERHAM,Caterham,SUPMKT,09NOV1982,,Y
180,180,MS3,WOODLEY,Woodley,SUPMKT,24MAY1983,,Y
183,183,NE4,HARPENDEN,Harpenden,SUPMKT,02OCT1984,,Y
184,184,MS3,CAVERSHAM,Caversham,SUPMKT,27NOV1984,,Y
186,186,NE5,NORTHWOOD,Northwood,SUPMKT,10NOV1987,,Y
188,188,LSE3,RICHMOND,Richmond,SUPMKT,22MAR1988,,Y
189,189,MS6,WEST BYFLEET,West Byfleet,SUPMKT,12JUL1988,,Y
190,190,MS3,SUNNINGDALE,Sunningdale,SUPMKT,11OCT1988,,Y
191,191,LSE4,BARNET,Barnet,SUPMKT,14MAR1989,,Y
192,192,NE5,CHESHAM,Chesham,SUPMKT,13JUN1989,,Y
193,193,MS5,BATH,Bath,SUPMKT,28NOV1989,,Y
194,194,NE5,MAIDENHEAD,Maidenhead,SUPMKT,24OCT1989,,Y
195,195,LSE3,KINGSTON,Kingston,SUPMKT,11SEP1990,,Y
196,196,MS6,FLEET,Fleet,SUPMKT,18SEP1990,,Y
198,198,MS6,YATELEY,Yateley,SUPMKT,06NOV1990,,Y
200,200,MISC,HORSHAM,Horsham,SUPMKT,20NOV1990,17JUN2015,Y
201,201,LSE6,TENTERDEN,Tenterden,SUPMKT,04DEC1990,,Y
207,207,LSE2,BLOOMSBURY,Bloomsbury,SUPMKT,20JUL2006,,Y
209,209,MS6,PETERSFIELD,Petersfield,SUPMKT,07SEP1993,,Y
210,210,MS2,STROUD,Stroud,SUPMKT,23NOV1993,,Y
211,211,MS3,ABINGDON,Abingdon,SUPMKT,22MAR1994,,Y
212,212,LSE5,BECKENHAM,Beckenham,SUPMKT,06SEP1994,,Y
219,219,LSE4,SOUTH HARROW,South Harrow,SUPMKT,20MAY1996,,Y
221,221,MS3,WOKINGHAM,Wokingham,SUPMKT,28OCT1996,,Y
222,222,NE3,NORWICH,Norwich,SUPMKT,03OCT1995,,Y
224,224,LSE5,BROMLEY SOUTH,Bromley South,SUPMKT,18NOV1996,,Y
227,227,NE2,NEWARK,Newark,SUPMKT,02SEP1997,,Y
230,230,LSE1,GLOUCESTER ROAD,Gloucester Road,SUPMKT,13APR1999,,Y
231,231,LSE4,SOUTH WOODFORD,South Woodford,SUPMKT,28SEP1999,,Y
232,232,LSE3,SURBITON,Surbiton,SUPMKT,19OCT1999,,Y
235,235,MISC,STAINES,Staines,SUPMKT,05SEP2000,19SEP2017,Y
236,236,LSE2,MARYLEBONE,Marylebone,SUPMKT,16NOV1999,,Y
237,237,MS1+CI,GREAT MALVERN,Great Malvern,SUPMKT,30NOV1999,,Y
238,238,MS3,TWYFORD,Twyford,SUPMKT,28MAR2000,,Y
308,308,NE1,BYRES ROAD,Byres Road,SUPMKT,12NOV2009,,Y
309,309,MS2,WESTONSUPERMARE,Weston Super Mare,SUPMKT,20AUG2009,,Y
315,315,MS2,WELLINGTON,Wellington,SUPMKT,28JAN2010,,Y
316,316,MISC,ASHBOURNE,Ashbourne,SUPMKT,18MAR2010,16JUN2019,Y
317,317,MS6,STORRINGTON,Storrington,SUPMKT,04MAR2010,,Y
318,318,NE2,MENAI BRIDGE,Menai Bridge,SUPMKT,25MAR2010,,Y
319,319,MS5,MELKSHAM,Melksham,SUPMKT,18MAR2010,,Y
455,455,NE3,COLCHESTER,Colchester,SUPMKT,17SEP2009,,Y
456,456,JLM,JL FHALL OX ST,JL Foodhall Oxford Street,SUPMKT,03OCT2007,,Y
457,457,MS2,PONTPRENNAU,Pontprennau,SUPMKT,14AUG2008,,Y
458,458,MS4,CREWKERNE,Crewkerne,SUPMKT,13NOV2008,,Y
460,460,MS1+CI,KENILWORTH,Kenilworth,SUPMKT,31JUL2008,,Y
461,461,NE1,ELDON SQUARE,Eldon Square,SUPMKT,28AUG2008,12NOV2022,Y
462,462,LSE1,WESTFIELD LONDN,Westfield London,SUPMKT,30OCT2008,,Y
463,463,MS5,WINCHESTER,Winchester,SUPMKT,01OCT2009,,Y
474,474,MS1+CI,ALCESTER,Alcester,SUPMKT,11JUN2009,,Y
475,475,MS4,BRIDPORT,Bridport,SUPMKT,16APR2009,,Y
476,476,SW3,CALDICOT,Caldicot,SUPMKT,18JUN2009,06DEC2020,Y
477,477,LSE5,CROYDON,Croydon,SUPMKT,28MAY2009,12NOV2022,Y
478,478,MS6,HASLEMERE,Haslemere,SUPMKT,07MAY2009,,Y
479,479,MS3,HEADINGTON,Headington,SUPMKT,07MAY2009,,Y
480,480,MS4,HOLSWORTHY,Holsworthy,SUPMKT,04JUN2009,,Y
481,481,NE3,LEIGH ON SEA,Leigh On Sea,SUPMKT,25JUN2009,,Y
482,482,NE1,PONTELAND,Ponteland,SUPMKT,14MAY2009,,Y
483,483,NE3,SAXMUNDHAM,Saxmundham,SUPMKT,07MAY2009,,Y
484,484,NE4,STAMFORD,Stamford,SUPMKT,11JUN2009,,Y
485,485,MISC,TORQUAY,Torquay,SUPMKT,18JUN2009,09JUN2019,Y
486,486,NE3,UPMINSTER,Upminster,SUPMKT,28MAY2009,,Y
487,487,MS1+CI,LUTTERWORTH,Lutterworth,SUPMKT,11MAR2010,,Y
492,492,LSE2,CLERKENWELL,Clerkenwell,SUPMKT,19NOV2009,,Y
493,493,JLM,JL FHALL BWATER,JL Foodhall Bluewater,SUPMKT,06AUG2009,,Y
494,494,NE2,ALTRINCHAM,Altrincham,SUPMKT,15OCT2009,,Y
652,652,MS6,FRIMLEY,Frimley,SUPMKT,26JUL2000,,Y
660,660,LSE3,TWICKENHAM,Twickenham,SUPMKT,11JUL2000,,Y
664,664,LSE2,CANARY WHARF,Canary Wharf,F&H,17SEP2002,,Y
670,670,LSE4,MILL HILL,Mill Hill,SUPMKT,29MAY2003,,Y
672,672,MS1+CI,DROITWICH,Droitwich,SUPMKT,14JUL2005,,Y
675,675,MS3,WALLINGFORD,Wallingford,SUPMKT,12MAY2005,,Y
676,676,MS3,NEWBURY,Newbury,SUPMKT,27MAY2004,,Y
677,677,LSE5,SANDERSTEAD,Sanderstead,SUPMKT,30SEP2004,,Y
678,678,LSE1,KENSINGTON,Kensington,SUPMKT,09SEP2004,,Y
684,684,NE1,HARROGATE,Harrogate,SUPMKT,22JUL2004,,Y
690,690,NE4,RUSHDEN,Rushden,F&H,02SEP2004,,Y
694,694,NE2,LINCOLN,Lincoln,SUPMKT,30SEP2004,,Y
698,698,NE5,RICKMANSWORTH,Rickmansworth,SUPMKT,15NOV2007,,Y
705,705,LSE6,ASHFORD,Ashford,SUPMKT,05NOV2009,,Y
710,710,NE2,CHEADLE HULME,Cheadle Hulme,SUPMKT,19JUL2007,,Y
719,719,LSE3,BALHAM,Balham,SUPMKT,11MAY2006,,Y
720,720,MS5,SOUTHAMPTON NEW,Southampton New,SUPMKT,05OCT2006,,Y
722,722,NE4,AMPTHILL,Ampthill,SUPMKT,29SEP2006,,Y
730,730,MISC,DURHAM,Durham,SUPMKT,17NOV2005,16AUG2008,Y
732,732,LSE2,BARBICAN,Barbican,SUPMKT,18MAY2006,,Y
749,749,NE2,FORMBY,Formby,SUPMKT,12OCT2006,,Y
750,750,NE1,COMELY BANK,Comely Bank,SUPMKT,01JUN2006,,Y
754,754,MS4,CHRISTCHURCH,Christchurch,SUPMKT,25OCT2007,,Y
756,756,LSE2,BAYSWATER,Bayswater,SUPMKT,29MAY2008,,Y
757,757,LSE6,EASTBOURNE,Eastbourne,SUPMKT,19OCT2006,,Y
760,760,LSE3,CHISWICK,Chiswick,SUPMKT,04DEC2008,,Y
761,761,NE1,MORNINGSIDE,Morningside,SUPMKT,01JUN2006,,Y
766,766,MS4,PARKSTONE,Parkstone,SUPMKT,26OCT2006,,Y
767,767,LSE1,CLAPHAM JUNCTN,Clapham Junction,SUPMKT,04DEC2008,,Y
768,768,LSE2,EDGWARE ROAD,Edgware Road,SUPMKT,27NOV2008,,Y
769,769,NE4,BUCKINGHAM,Buckingham,SUPMKT,05JUN2008,,Y
772,772,NE5,WINDSOR NEW,Windsor New,SUPMKT,11OCT2007,,Y
780,780,LSE2,ISLINGTON,Islington,SUPMKT,02APR2009,,Y
782,782,NE1,HEXHAM,Hexham,SUPMKT,02NOV2006,,Y
796,796,MS1+CI,HARBORNE,Harborne,SUPMKT,12JUL2007,,Y
797,797,NE4,BRACKLEY,Brackley,SUPMKT,17JUL2008,,Y
798,798,MS4,LYMINGTON NEW,Lymington New,SUPMKT,09NOV2006,,Y
799,799,SW4,SANDHURST,Sandhurst,SUPMKT,29NOV2007,10NOV2019,Y
833,833,NE2,TRINITY SQUARE,Trinity Square,SUPMKT,11DEC2008,,Y
834,834,MS2,CLIFTON,Clifton,SUPMKT,19MAR2009,,Y
835,835,LSE4,CROUCH END,Crouch End,SUPMKT,08OCT2009,,Y
838,838,LSE5,OXTED,Oxted,SUPMKT,03DEC2009,,Y
199,199,3PL3,ENFIELD CFC,Enfield CFC,SUPMKT,07MAY2020,,Y
259,259,3PL3,GREENFORD CFC,Greenford CFC,SUPMKT,04MAR2021,,N
303,303,MS1+CI,EVESHAM,Evesham,SUPMKT,22NOV2018,,Y
311,311,NE1,YORK,York,SUPMKT,28OCT2010,,Y
312,312,NE2,POYNTON,Poynton,SUPMKT,23SEP2010,,Y
313,313,MS5,EAST COWES,East Cowes,SUPMKT,04NOV2010,,Y
314,314,LSE3,WIMBLEDON,Wimbledon,SUPMKT,28JUL2011,,Y
326,326,NE2,KNUTSFORD,Knutsford,SUPMKT,09JUN2011,,Y
327,327,NE1,NEWTON MEARNS,Newton Mearns,SUPMKT,12MAY2011,,Y
328,328,LSE2,STRATFORD,Stratford City,SUPMKT,13SEP2011,,Y
329,329,MS6,ALTON,Alton,SUPMKT,30AUG2012,,Y
332,332,MS1+CI,St Saviour (J),St Saviour (Jersey),SUPMKT,17FEB2011,,Y
333,333,MS1+CI,Rohais (G),Rohais (Guernsey),SUPMKT,10MAR2011,,Y
334,334,MS1+CI,St Helier (J),St Helier (Jersey),SUPMKT,17MAR2011,,Y
335,335,MS1+CI,Admiral Prk (G),Admiral Park (Guernsey),SUPMKT,07APR2011,,Y
336,336,MS1+CI,Red Houses (J),Red Houses (Jersey),SUPMKT,14APR2011,,Y
403,403,MS1+CI,MOUNTSORREL,MOUNTSORREL,SUPMKT,05MAY2016,,Y
459,459,NE5,GERRARDS CROSS,Gerrards Cross,SUPMKT,31MAY2012,,Y
464,464,MISC,SEVENOAKS,Sevenoaks,SUPMKT,01JUL2010,30AUG2011,Y
465,465,NM4,MARLOW,Marlow,SUPMKT,13JAN2011,27OCT2019,Y
501,501,MISC,CARDIFF Q ST,Cardiff Queen Street,SUPMKT,28APR2011,20JUN2017,Y
502,502,MISC,ACTON,Acton,SUPMKT,05SEP2010,29APR2015,Y
504,504,MS5,SWINDON,Swindon,SUPMKT,10APR2014,,Y
505,505,MISC,LITTLEHAMPTON,Littlehampton,SUPMKT,04AUG2011,22JUL2015,Y
506,506,LSE6,UCKFIELD,Uckfield,SUPMKT,18AUG2011,,Y
507,507,MS2,HEREFORD,Hereford,SUPMKT,17APR2014,,Y
511,511,MS2,MALMESBURY,Malmesbury,SUPMKT,07AUG2014,,Y
513,513,3PL3,COULSDON DFC,Coulsdon DFC,SUPMKT,26FEB2014,,Y
514,514,MS6,BAGSHOT,Bagshot,SUPMKT,20AUG2015,,Y
515,515,MS2,NAILSEA,Nailsea,SUPMKT,23SEP2010,,Y
516,516,LSE1,PARSONS GREEN,Parsons Green,SUPMKT,18APR2012,,Y
519,519,NE5,EGHAM,Egham,SUPMKT,22JAN2015,,Y
520,520,NE1,JESMOND,Jesmond,SUPMKT,02NOV2011,,Y
521,521,LSE4,ENFIELD CHASE,Enfield Chase,SUPMKT,10MAR2011,,Y
522,522,MISC,SUTTON CLDFIELD,Sutton Coldfield,SUPMKT,31MAR2011,09SEP2015,Y
523,523,MS5,CHIPPENHAM,Chippenham,SUPMKT,14APR2011,,Y
524,524,LSE4,WEST HAMPSTEAD,West Hampstead,SUPMKT,28OCT2014,,Y
525,525,NM3,SHREWSBURY,Shrewsbury,SUPMKT,12MAY2011,06DEC2020,Y
526,526,MISC,TOTTENHAM CT RD,Tottenham Court Road,SUPMKT,07JUL2011,26APR2016,Y
527,527,MS6,DORKING,Dorking,SUPMKT,16OCT2014,,Y
528,528,LSE3,WIMBLEDON HILL,Wimbledon Hill,SUPMKT,20JUN2011,,Y
529,529,LSE6,HAWKHURST,Hawkhurst,SUPMKT,29SEP2016,,Y
530,530,LSE1,FULHM PALACE RD,Fulham Palace Road,SUPMKT,29MAY2012,,Y
531,531,NE4,PETERBOROUGH,Peterborough,SUPMKT,30OCT2014,,Y
533,533,LSE6,CANTERBURY,Canterbury,SUPMKT,06OCT2011,,Y
534,534,3PL2,SCEPTRE,Sceptre (Watford),SUPMKT,21SEP2011,10DEC2022,Y
535,535,3PL2,KENS GARDENS,Kensington Gardens,SUPMKT,28SEP2011,,Y
536,536,MISC,CAMDEN,Camden,SUPMKT,29MAY2014,12SEP2018,Y
542,542,NE5,ADDLESTONE,Addlestone,SUPMKT,03AUG2017,,Y
552,552,NE3,FITZROY STREET,Fitzroy Street,SUPMKT,17JUN2010,,Y
554,554,MISC,TEIGNMOUTH,Teignmouth,SUPMKT,13MAR2014,09JUN2019,Y
555,555,MISC,HORNCHURCH,Hornchurch,SUPMKT,18NOV2010,01NOV2012,Y
556,556,LSE6,EDENBRIDGE,Edenbridge,SUPMKT,13MAR2014,,Y
557,557,MS2,KEYNSHAM,Keynsham,SUPMKT,20MAR2014,,Y
558,558,MISC,SPINNINGFIELDS,Spinningfields,SUPMKT,04NOV2010,29SEP2018,Y
559,559,LSE5,CHEAM,Cheam,SUPMKT,08JUL2010,,Y
560,560,NE2,ALDERLEY EDGE,Alderley Edge,SUPMKT,12JUN2014,,Y
562,562,MISC,WALTON-O-THAMES,Walton-on-Thames,SUPMKT,18NOV2010,07OCT2015,Y
563,563,MS5,LOCKS HEATH,Locks Heath,SUPMKT,27MAR2014,,Y
567,567,3PL2,BURGH HEATH,Burgh Heath,SUPMKT,18SEP2014,,Y
568,568,3PL2,PETTS WOOD,Petts Wood,SUPMKT,25SEP2014,,Y
569,569,MISC,PORTMAN SQUARE,Portman Square,SUPMKT,21OCT2014,29SEP2018,Y
571,571,3PL2,BURNT COMMON,Burnt Common,SUPMKT,06NOV2014,,Y
573,573,LSE2,WALBROOK,Walbrook,SUPMKT,08JAN2015,,Y
574,574,MISC,LEEDS,Leeds,SUPMKT,25NOV2010,13SEP2016,Y
575,575,3PL2,BROXBOURNE,Broxbourne,SUPMKT,27NOV2014,,Y
578,578,NE5,AMERSHAM,Amersham,SUPMKT,02DEC2010,,Y
579,579,MISC,BAYSWATER TMP,Bayswater Temp,SUPMKT,26JAN2015,14SEP2015,Y
581,581,MS3,OXFORD BTLY RD,Oxford Botley Road,SUPMKT,15OCT2015,,Y
582,582,MS6,BASINGSTOKE,BASINGSTOKE,SUPMKT,12NOV2015,,Y
583,583,LSE1,OLD BROMPTON RD,Old Brompton Road,SUPMKT,27JAN2011,,Y
584,584,3PL2,HAZLEMERE,Hazlemere,SUPMKT,04DEC2014,,Y
586,586,3PL2,EALING,Ealing,SUPMKT,11DEC2014,,Y
587,587,LSE1,WEST KENSINGTON,West Kensington,SUPMKT,14APR2015,,Y
588,588,MISC,PALMERS GREEN,Palmers Green,SUPMKT,27JAN2011,23AUG2017,Y
589,589,MS6,GUILDFORD,Guildford,SUPMKT,05NOV2015,,Y
590,590,LSE2,KINGS CROSS,Kings Cross,SUPMKT,24SEP2015,,Y
591,591,NM2,WOLLATON,Wollaton,SUPMKT,26MAR2015,10NOV2019,Y
596,596,MS6,RUSTINGTON,Rustington,SUPMKT,23JUL2015,,Y
598,598,LSE1,BATTERSEA NELMS,BATTERSEA NINE ELMS,SUPMKT,19NOV2015,,Y
599,599,NE2,UTTOXETER,UTTOXETER,SUPMKT,17MAR2016,,Y
601,601,LSE2,HIGH HOLBORN,High Holborn,SUPMKT,04AUG2011,,Y
602,602,MISC,ALDERLEY OLD,Alderley Old,SUPMKT,11AUG2011,22JUL2014,Y
604,604,MS4,SHERBORNE,Sherborne,SUPMKT,03APR2014,,Y
605,605,MS6,HOVE,Hove,SUPMKT,10APR2014,,Y
606,606,MISC,LEEK,Leek,SUPMKT,01MAY2014,26SEP2017,Y
607,607,NE5,HIGH WYCOMBE,High Wycombe,SUPMKT,10MAR2016,,Y
612,612,LSE3,HAMPTON,Hampton,SUPMKT,11JAN2012,,Y
614,614,LSE1,PIMLICO,Pimlico,SUPMKT,02SEP2014,,Y
615,615,MISC,FOREGATE STREET,Foregate Street,SUPMKT,13OCT2011,12NOV2014,Y
616,616,LSE1,CLAPHAM COMMON,Clapham Common,SUPMKT,22JAN2013,,Y
619,619,LSE2,KINGS CROSS ST,Kings Cross Station,SUPMKT,19AUG2014,,Y
620,620,NE1,STIRLING,Stirling,SUPMKT,24JAN2013,,Y
622,622,NE3,NORTH WALSHAM,North Walsham,SUPMKT,29NOV2012,,Y
625,625,NE5,AYLESBURY,Aylesbury,SUPMKT,08AUG2013,,Y
630,630,NE1,MILNGAVIE,Milngavie,SUPMKT,11JUN2015,,Y
632,632,NE3,IPSWICH,Ipswich,SUPMKT,08NOV2012,,Y
636,636,MISC,MANCHESTER PICC,Manchester Piccadilly,SUPMKT,14OCT2014,29SEP2018,Y
637,637,LSE4,HIGHBURY CORNER,Highbury Corner,SUPMKT,24JUL2012,,Y
639,639,LSE4,MUSWELL HILL,Muswell Hill,SUPMKT,03JUL2012,,Y
641,641,LSE1,KNIGHTSBRIDGE,Knightsbridge,SUPMKT,27NOV2012,,Y
642,642,MS1+CI,SOLIHULL,Solihull,SUPMKT,23JUN2016,,Y
643,643,LSE5,SIDCUP,Sidcup,SUPMKT,04SEP2013,,Y
644,644,LSE1,NOTTING HILL GA,Notting Hill Gate,SUPMKT,05AUG2014,,Y
648,648,MS4,TRURO,Truro,SUPMKT,16JUN2016,,Y
700,700,MS1+CI,WORCESTER,Worcester,SUPMKT,30JUN2016,,Y
701,701,MS5,WARMINSTER,Warminster,SUPMKT,29MAR2012,,Y
702,702,MS4,EXETER,Exeter,SUPMKT,06OCT2011,,Y
703,703,LSE2,SOUTH BK TOWER,South Bank Tower,SUPMKT,07JUL2016,,Y
706,706,MS3,BRACKNELL,Bracknell,SUPMKT,24NOV2011,,Y
708,708,MS1+CI,STRATFORD UP AV,Stratford Upon Avon,SUPMKT,26JUL2012,,Y
721,721,NE2,WALTON-LE-DALE,Walton-le-Dale,SUPMKT,02FEB2012,,Y
725,725,NE4,BEDFORD,Bedford,SUPMKT,09AUG2012,,Y
726,726,NE4,WOOTTON,Wootton,SUPMKT,28NOV2013,,Y
728,728,NE4,MARKET HARB,Market Harborough,SUPMKT,27SEP2012,,Y
729,729,MS2,WELLS,Wells,SUPMKT,25JUL2013,,Y
733,733,MS4,POUNDBURY,Poundbury,SUPMKT,17NOV2011,,Y
735,735,MS2,COWBRIDGE,Cowbridge,SUPMKT,01NOV2012,,Y
736,736,3PL2,ROEHAMPTON,ROEHAMPTON,SUPMKT,15APR2014,,Y
737,737,3PL2,BATTERSEA,Battersea,SUPMKT,17APR2014,,Y
738,738,3PL2,BAGSHOT ROAD,Bagshot Road,SUPMKT,16APR2014,,Y
739,739,3PL2,TUBS HILL,Tubs Hill,SUPMKT,05JUN2014,,Y
740,740,LSE2,GREENWICH,Greenwich,SUPMKT,20JUN2013,,Y
742,742,MISC,COLMORE ROW,Colmore Row (Birmingham),SUPMKT,20MAR2012,29SEP2018,Y
743,743,SE4,IPSWICH (CORN),Ipswich (Corn Exchange),SUPMKT,01FEB2012,05DEC2020,Y
744,744,LSE6,KINGSHILL,Kings Hill,SUPMKT,30NOV2011,,Y
751,751,MS2,CHIPPING SBURY,Chipping Sodbury,SUPMKT,10OCT2013,,Y
752,752,NE4,OAKGROVE,Oakgrove,SUPMKT,09MAY2013,,Y
755,755,MISC,DORKING,Dorking,SUPMKT,18APR2013,12NOV2014,Y
758,758,NE4,OUNDLE,Oundle,SUPMKT,17OCT2013,,Y
759,759,NE2,NORTHWICH,Northwich,SUPMKT,21NOV2013,,Y
771,771,NM1,HELENSBURGH,Helensburgh,SUPMKT,24OCT2013,03MAY2020,Y
773,773,LSE2,MONUMENT,Monument,SUPMKT,10SEP2013,,Y
781,781,JLM,LWJL WATFORD,Little Waitrose at John Lewis Watford,SUPMKT,20JUN2013,25MAR2020,Y
783,783,LSE1,VICTORIA STREET,Victoria Street,SUPMKT,02JUL2013,,Y
789,789,LSE1,VAUXHALL,Vauxhall,SUPMKT,05APR2013,,Y
802,802,3PL2,HORLEY B ROAD,Horley - Brighton Road,SUPMKT,26JUN2014,,Y
805,805,MS4,WIMBORNE,Wimborne,SUPMKT,08JUL2010,,Y
806,806,MS3,HEADINGTON L RD,Headington - London Road,SUPMKT,14AUG2014,,Y
808,808,3PL2,GUILDFORD W RD,Guildford Worplesdon Road,SUPMKT,21AUG2014,,Y
815,815,JLM,LWJL SOUTHMPTN,Little Waitrose John Lewis Southampton,SUPMKT,17SEP2014,,Y
820,820,LSE3,EAST PUTNEY,East Putney,SUPMKT,21JAN2014,,Y
828,828,NE1,MEANWOOD,Meanwood,SUPMKT,30SEP2010,,Y
842,842,NE2,CHESTER,Chester,SUPMKT,06NOV2014,,Y
846,846,LSE3,RAYNES PARK,Raynes Park,SUPMKT,07APR2011,,Y
847,847,NM3,OADBY,Oadby,SUPMKT,21OCT2010,03NOV2019,Y
859,859,LSE5,LEATHERHEAD,Leatherhead,SUPMKT,26JAN2017,,Y
860,860,LSE1,VICTORIA BP,Victoria Bressenden Place,SUPMKT,01DEC2016,,Y
865,865,3PL2,SKY (OSTERLEY),SKY (OSTERLEY),SUPMKT,02AUG2016,,Y
871,871,MS3,FARINGDON,Faringdon,SUPMKT,02FEB2017,,Y
873,873,LSE6,HAYWARDS HEATH,Haywards Heath,SUPMKT,30MAR2017,,Y
874,874,NE4,BANBURY,Banbury,SUPMKT,25JAN2018,,Y
876,876,LSE4,FINCHLEY CNTRL,Finchley Central,SUPMKT,14SEP2017,,Y
877,877,MS1+CI,BROMSGROVE,Bromsgrove,SUPMKT,11MAY2017,,Y
878,878,LSE4,WINCHMORE HILL,Winchmore Hill,SUPMKT,12OCT2017,,Y
